{"cameraMode":{"drawMode":0,"name":"Shaded","section":"Shading Mode"},"sceneLighting":true,"audioPlay":false,"sceneViewState":{"showFog":false,"showMaterialUpdate":false,"showSkybox":false,"showFlares":false,"showImageEffects":false,"showParticleSystems":false},"in2DMode":false,"pivot":{"x":0.8154873847961426,"y":1.823866844177246,"z":5.799516677856445},"rotation":{"x":-0.08121471852064133,"y":0.012555294670164585,"z":-0.001023083576001227,"w":-0.9966170787811279},"size":16.01107406616211,"orthographic":false}