{"cameraMode":{"drawMode":0,"name":"Shaded","section":"Shading Mode"},"sceneLighting":true,"audioPlay":false,"sceneViewState":{"showFog":false,"showMaterialUpdate":false,"showSkybox":false,"showFlares":false,"showImageEffects":false,"showParticleSystems":false},"in2DMode":false,"pivot":{"x":4.610980987548828,"y":4.129297256469727,"z":-9.876513481140137},"rotation":{"x":-0.07769326120615006,"y":0.11696719378232956,"z":-0.009178840555250645,"w":-0.9900496006011963},"size":1.699106216430664,"orthographic":false}