{"cameraMode":{"drawMode":0,"name":"Shaded","section":"Shading Mode"},"sceneLighting":false,"audioPlay":false,"sceneViewState":{"showFog":false,"showMaterialUpdate":false,"showSkybox":false,"showFlares":false,"showImageEffects":false,"showParticleSystems":false},"in2DMode":false,"pivot":{"x":0.16878056526184083,"y":1.6000800132751465,"z":9.263993263244629},"rotation":{"x":-0.09900794178247452,"y":-0.05311467871069908,"z":0.005292360670864582,"w":-0.9936540126800537},"size":22.0,"orthographic":false}