{"cameraMode":{"drawMode":0,"name":"Shaded","section":"Shading Mode"},"sceneLighting":true,"audioPlay":false,"sceneViewState":{"showFog":true,"showMaterialUpdate":true,"showSkybox":true,"showFlares":true,"showImageEffects":true,"showParticleSystems":true},"in2DMode":false,"pivot":{"x":-0.4183998107910156,"y":0.46264219284057619,"z":0.12650775909423829},"rotation":{"x":-0.08156207948923111,"y":0.8965960144996643,"z":-0.18577533960342408,"w":-0.39363810420036318},"size":10.0,"orthographic":false}