{"cameraMode":{"drawMode":0,"name":"Shaded","section":"Shading Mode"},"sceneLighting":true,"audioPlay":false,"sceneViewState":{"showFog":false,"showMaterialUpdate":false,"showSkybox":false,"showFlares":false,"showImageEffects":false,"showParticleSystems":false},"in2DMode":false,"pivot":{"x":16.68764877319336,"y":14.894952774047852,"z":-25.889225006103517},"rotation":{"x":-0.05574800819158554,"y":0.03503642976284027,"z":-0.0019572111777961256,"w":-0.9978280663490295},"size":20.808359146118165,"orthographic":false}