{"cameraMode":{"drawMode":0,"name":"Shaded","section":"Shading Mode"},"sceneLighting":false,"audioPlay":false,"sceneViewState":{"showFog":false,"showMaterialUpdate":false,"showSkybox":false,"showFlares":false,"showImageEffects":false,"showParticleSystems":false},"in2DMode":false,"pivot":{"x":-0.44350117444992068,"y":5.378308296203613,"z":-0.4197654724121094},"rotation":{"x":0.0566527359187603,"y":-0.0143803171813488,"z":-0.000816329091321677,"w":-0.9982900619506836},"size":22.0,"orthographic":false}