{"cameraMode":{"drawMode":0,"name":"Shaded","section":"Shading Mode"},"sceneLighting":true,"audioPlay":false,"sceneViewState":{"showFog":false,"showMaterialUpdate":false,"showSkybox":false,"showFlares":false,"showImageEffects":false,"showParticleSystems":false},"in2DMode":false,"pivot":{"x":1.4388777017593384,"y":4.340418338775635,"z":-8.726951599121094},"rotation":{"x":-0.08849146962165833,"y":0.06777744740247727,"z":-0.006035402417182922,"w":-0.9937500357627869},"size":1.3991062641143799,"orthographic":false}