{"cameraMode":{"drawMode":0,"name":"Shaded","section":"Shading Mode"},"sceneLighting":true,"audioPlay":false,"sceneViewState":{"showFog":false,"showMaterialUpdate":false,"showSkybox":false,"showFlares":false,"showImageEffects":false,"showParticleSystems":false},"in2DMode":false,"pivot":{"x":0.3892582058906555,"y":3.991901397705078,"z":0.8555355072021484},"rotation":{"x":-0.027303844690322877,"y":-0.015896020457148553,"z":0.00043429818470031023,"w":-0.9995006918907166},"size":12.924263000488282,"orthographic":false}