{"cameraMode":{"drawMode":0,"name":"Shaded","section":"Shading Mode"},"sceneLighting":true,"audioPlay":false,"sceneViewState":{"showFog":false,"showMaterialUpdate":false,"showSkybox":false,"showFlares":false,"showImageEffects":false,"showParticleSystems":false},"in2DMode":false,"pivot":{"x":9.037799835205079,"y":4.337210655212402,"z":-10.319276809692383},"rotation":{"x":-0.016795272007584573,"y":-0.045879803597927096,"z":0.0007715386454947293,"w":-0.9988055229187012},"size":1.699106216430664,"orthographic":false}