{"cameraMode":{"drawMode":0,"name":"Shaded","section":"Shading Mode"},"sceneLighting":true,"audioPlay":false,"sceneViewState":{"showFog":false,"showMaterialUpdate":false,"showSkybox":false,"showFlares":false,"showImageEffects":false,"showParticleSystems":false},"in2DMode":false,"pivot":{"x":4.757017612457275,"y":3.1974635124206545,"z":-6.261941909790039},"rotation":{"x":-0.06308341026306153,"y":0.07686757296323776,"z":-0.004873235244303942,"w":-0.9950317740440369},"size":1.3991062641143799,"orthographic":false}