{"cameraMode":{"drawMode":0,"name":"Shaded","section":"Shading Mode"},"sceneLighting":true,"audioPlay":false,"sceneViewState":{"showFog":false,"showMaterialUpdate":false,"showSkybox":false,"showFlares":false,"showImageEffects":false,"showParticleSystems":false},"in2DMode":false,"pivot":{"x":4.898594856262207,"y":4.240562915802002,"z":-9.819649696350098},"rotation":{"x":-0.04527686536312103,"y":0.03056146390736103,"z":-0.0013857459416612983,"w":-0.9985060095787048},"size":1.699106216430664,"orthographic":false}