{"cameraMode":{"drawMode":0,"name":"Shaded","section":"Shading Mode"},"sceneLighting":true,"audioPlay":false,"sceneViewState":{"showFog":false,"showMaterialUpdate":false,"showSkybox":false,"showFlares":false,"showImageEffects":false,"showParticleSystems":false},"in2DMode":false,"pivot":{"x":1.178107500076294,"y":3.992478132247925,"z":-4.178533554077148},"rotation":{"x":-0.07373731583356857,"y":0.012563003227114678,"z":-0.0009289144072681665,"w":-0.9971981644630432},"size":7.106197834014893,"orthographic":false}