{"cameraMode":{"drawMode":0,"name":"Shaded","section":"Shading Mode"},"sceneLighting":true,"audioPlay":false,"sceneViewState":{"showFog":false,"showMaterialUpdate":false,"showSkybox":false,"showFlares":false,"showImageEffects":false,"showParticleSystems":false},"in2DMode":false,"pivot":{"x":5.05222749710083,"y":4.135983467102051,"z":-9.830755233764649},"rotation":{"x":-0.054286856204271319,"y":-0.000901033345144242,"z":0.00004903820445179008,"w":-0.9985250234603882},"size":1.699106216430664,"orthographic":false}