{"cameraMode":{"drawMode":0,"name":"Shaded","section":"Shading Mode"},"sceneLighting":true,"audioPlay":false,"sceneViewState":{"showFog":false,"showMaterialUpdate":false,"showSkybox":false,"showFlares":false,"showImageEffects":false,"showParticleSystems":false},"in2DMode":false,"pivot":{"x":1.7689862251281739,"y":4.076898097991943,"z":-4.176436424255371},"rotation":{"x":-0.06772889941930771,"y":-0.02933056838810444,"z":0.001992014702409506,"w":-0.9972705841064453},"size":7.106197834014893,"orthographic":false}