{"cameraMode":{"drawMode":0,"name":"Shaded","section":"Shading Mode"},"sceneLighting":true,"audioPlay":false,"sceneViewState":{"showFog":false,"showMaterialUpdate":false,"showSkybox":false,"showFlares":false,"showImageEffects":false,"showParticleSystems":false},"in2DMode":false,"pivot":{"x":2.284562826156616,"y":4.978232383728027,"z":-3.652930736541748},"rotation":{"x":-0.09311182051897049,"y":-0.03673341125249863,"z":0.003437663661316037,"w":-0.9949718713760376},"size":7.106197834014893,"orthographic":false}