{"cameraMode":{"drawMode":0,"name":"Shaded","section":"Shading Mode"},"sceneLighting":true,"audioPlay":false,"sceneViewState":{"showFog":false,"showMaterialUpdate":false,"showSkybox":false,"showFlares":false,"showImageEffects":false,"showParticleSystems":false},"in2DMode":false,"pivot":{"x":9.314382553100586,"y":4.30545711517334,"z":-16.823144912719728},"rotation":{"x":-0.07994629442691803,"y":0.17608149349689485,"z":-0.01434938982129097,"w":-0.9810188412666321},"size":2.1468348503112795,"orthographic":false}