{"cameraMode":{"drawMode":0,"name":"Shaded","section":"Shading Mode"},"sceneLighting":true,"audioPlay":false,"sceneViewState":{"showFog":false,"showMaterialUpdate":false,"showSkybox":false,"showFlares":false,"showImageEffects":false,"showParticleSystems":false},"in2DMode":false,"pivot":{"x":12.869729995727539,"y":9.590801239013672,"z":-13.115501403808594},"rotation":{"x":-0.21601246297359467,"y":0.5825526118278503,"z":-0.16424675285816194,"w":-0.7661554217338562},"size":13.696849822998047,"orthographic":false}