{"cameraMode":{"drawMode":0,"name":"Shaded","section":"Shading Mode"},"sceneLighting":true,"audioPlay":false,"sceneViewState":{"showFog":false,"showMaterialUpdate":false,"showSkybox":false,"showFlares":false,"showImageEffects":false,"showParticleSystems":false},"in2DMode":false,"pivot":{"x":15.8269624710083,"y":14.585041046142579,"z":-26.00517463684082},"rotation":{"x":-0.06316950917243958,"y":0.055956531316041949,"z":-0.003547171363607049,"w":-0.9964265823364258},"size":20.808359146118165,"orthographic":false}