{"cameraMode":{"drawMode":0,"name":"Shaded","section":"Shading Mode"},"sceneLighting":true,"audioPlay":false,"sceneViewState":{"showFog":false,"showMaterialUpdate":false,"showSkybox":false,"showFlares":false,"showImageEffects":false,"showParticleSystems":false},"in2DMode":false,"pivot":{"x":3.165752410888672,"y":3.8449108600616457,"z":-5.466472625732422},"rotation":{"x":-0.039582375437021258,"y":0.24244831502437592,"z":-0.00990054290741682,"w":-0.9693059921264648},"size":22.0,"orthographic":false}